2014-11-16 16:04:04,2014-12-01,2015-01-01,1076,44640.0,20696.0
2014-11-16 16:04:18,2014-12-01,2015-01-02,1380,46080.0,20696.0
2014-11-16 16:04:34,2014-12-02,2015-01-01,1076,43200.0,22135.0
2014-11-16 16:04:48,2014-12-02,2015-01-02,1426,44640.0,22135.0
2014-11-16 16:06:11,2014-12-01,2015-01-01,1076,44640.0,20694.0
2014-11-16 16:06:24,2014-12-01,2015-01-02,1306,46080.0,20694.0
2014-11-16 16:06:37,2014-12-01,2015-01-03,1306,47520.0,20693.0
2014-11-16 16:06:51,2014-12-01,2015-01-04,1320,48960.0,20693.0
2014-11-16 16:07:04,2014-12-01,2015-01-05,1195,50400.0,20693.0
2014-11-16 16:07:17,2014-12-02,2015-01-01,1002,43200.0,22133.0
2014-11-16 16:07:32,2014-12-02,2015-01-02,1319,44640.0,22132.0
2014-11-16 16:07:45,2014-12-02,2015-01-03,1206,46080.0,22132.0
2014-11-16 16:07:57,2014-12-02,2015-01-04,1320,47520.0,22132.0
2014-11-16 16:08:10,2014-12-02,2015-01-05,1195,48960.0,22132.0
2014-11-16 16:08:23,2014-12-03,2015-01-01,1076,41760.0,23572.0
2014-11-16 16:08:35,2014-12-03,2015-01-02,1380,43200.0,23571.0
2014-11-16 16:08:48,2014-12-03,2015-01-03,1223,44640.0,23571.0
2014-11-16 16:09:01,2014-12-03,2015-01-04,1345,46080.0,23571.0
2014-11-16 16:09:15,2014-12-03,2015-01-05,1220,47520.0,23571.0
2014-11-16 16:09:28,2014-12-04,2015-01-01,988,40320.0,25011.0
2014-11-16 16:09:41,2014-12-04,2015-01-02,1388,41760.0,25010.0
2014-11-16 16:09:54,2014-12-04,2015-01-03,1140,43200.0,25010.0
2014-11-16 16:10:07,2014-12-04,2015-01-04,1320,44640.0,25010.0
2014-11-16 16:10:19,2014-12-04,2015-01-05,1195,46080.0,25010.0
2014-11-16 16:10:35,2014-12-05,2015-01-01,1067,38880.0,26449.0
2014-11-16 16:10:50,2014-12-05,2015-01-02,1420,40320.0,26449.0
2014-11-16 16:11:06,2014-12-05,2015-01-03,1140,41760.0,26449.0
2014-11-16 16:11:21,2014-12-05,2015-01-04,1395,43200.0,26449.0
2014-11-16 16:11:37,2014-12-05,2015-01-05,1270,44640.0,26448.0
2014-11-16 19:43:52,2014-12-01,2015-01-01,1076,44640.0,20476.0
2014-11-16 19:44:09,2014-12-01,2015-01-02,1306,46080.0,20476.0
2014-11-16 19:44:24,2014-12-01,2015-01-03,1306,47520.0,20476.0
2014-11-16 19:44:39,2014-12-01,2015-01-04,1320,48960.0,20475.0
2014-11-16 19:44:54,2014-12-01,2015-01-05,1195,50400.0,20475.0
2014-11-16 19:45:07,2014-12-01,2015-01-06,1111,51840.0,20475.0
2014-11-16 19:45:24,2014-12-01,2015-01-07,1111,53280.0,20475.0
2014-11-16 19:45:41,2014-12-01,2015-01-08,1121,54720.0,20474.0
2014-11-16 19:45:58,2014-12-01,2015-01-09,1111,56160.0,20474.0
2014-11-16 19:46:12,2014-12-01,2015-01-10,1152,57600.0,20474.0
2014-11-16 19:46:26,2014-12-01,2015-01-11,1053,59040.0,20474.0
2014-11-16 19:46:40,2014-12-01,2015-01-12,1110,60480.0,20473.0
2014-11-16 19:46:55,2014-12-01,2015-01-13,986,61920.0,20473.0
2014-11-16 19:47:11,2014-12-01,2015-01-14,986,63360.0,20473.0
2014-11-16 19:47:25,2014-12-01,2015-01-15,1012,64800.0,20473.0
2014-11-16 19:47:41,2014-12-01,2015-01-16,1060,66240.0,20472.0
2014-11-16 19:47:56,2014-12-01,2015-01-17,1060,67680.0,20472.0
2014-11-16 19:48:14,2014-12-01,2015-01-18,776,69120.0,20472.0
2014-11-16 19:48:30,2014-12-01,2015-01-19,1060,70560.0,20472.0
2014-11-16 19:48:43,2014-12-01,2015-01-20,776,72000.0,20471.0
2014-11-16 19:48:58,2014-12-01,2015-01-21,776,73440.0,20471.0
2014-11-16 19:49:11,2014-12-01,2015-01-22,950,74880.0,20471.0
2014-11-16 19:49:24,2014-12-01,2015-01-23,776,76320.0,20471.0
2014-11-16 19:49:37,2014-12-01,2015-01-24,968,77760.0,20470.0
2014-11-16 19:49:53,2014-12-01,2015-01-25,776,79200.0,20470.0
2014-11-16 19:50:08,2014-12-01,2015-01-26,1060,80640.0,20470.0
2014-11-16 19:50:25,2014-12-01,2015-01-27,776,82080.0,20470.0
2014-11-16 19:50:41,2014-12-01,2015-01-28,776,83520.0,20469.0
2014-11-16 19:50:56,2014-12-01,2015-01-29,950,84960.0,20469.0
2014-11-16 19:51:09,2014-12-01,2015-01-30,776,86400.0,20469.0
2014-11-16 19:51:21,2014-12-01,2015-01-31,968,87840.0,20469.0
2014-11-16 19:51:35,2014-12-02,2015-01-01,1002,43200.0,21908.0
2014-11-16 19:51:48,2014-12-02,2015-01-02,1319,44640.0,21908.0
2014-11-16 19:52:03,2014-12-02,2015-01-03,1002,46080.0,21908.0
2014-11-16 19:52:17,2014-12-02,2015-01-04,1320,47520.0,21908.0
2014-11-16 19:52:29,2014-12-02,2015-01-05,1195,48960.0,21908.0
2014-11-16 19:52:43,2014-12-02,2015-01-06,1165,50400.0,21907.0
2014-11-16 19:52:57,2014-12-02,2015-01-07,1165,51840.0,21907.0
2014-11-16 19:53:10,2014-12-02,2015-01-08,991,53280.0,21907.0
2014-11-16 19:53:24,2014-12-02,2015-01-09,k,54720.0,21907.0
2014-11-16 19:53:37,2014-12-02,2015-01-10,1076,56160.0,21906.0
2014-11-16 19:53:51,2014-12-02,2015-01-11,1135,57600.0,21906.0
2014-11-16 19:54:03,2014-12-02,2015-01-12,1092,59040.0,21906.0
2014-11-16 19:54:16,2014-12-02,2015-01-13,906,60480.0,21906.0
2014-11-16 19:54:31,2014-12-02,2015-01-14,1060,61920.0,21905.0
2014-11-16 19:54:45,2014-12-02,2015-01-15,906,63360.0,21905.0
2014-11-16 19:55:01,2014-12-02,2015-01-16,906,64800.0,21905.0
2014-11-16 19:55:16,2014-12-02,2015-01-17,906,66240.0,21905.0
2014-11-16 19:55:29,2014-12-02,2015-01-18,874,67680.0,21905.0
2014-11-16 19:55:42,2014-12-02,2015-01-19,1060,69120.0,21904.0
2014-11-16 19:55:55,2014-12-02,2015-01-20,874,70560.0,21904.0
2014-11-16 19:56:08,2014-12-02,2015-01-21,1060,72000.0,21904.0
2014-11-16 19:56:20,2014-12-02,2015-01-22,906,73440.0,21904.0
2014-11-16 19:56:35,2014-12-02,2015-01-23,906,74880.0,21903.0
2014-11-16 19:56:50,2014-12-02,2015-01-24,906,76320.0,21903.0
2014-11-16 19:57:03,2014-12-02,2015-01-25,874,77760.0,21903.0
2014-11-16 19:57:17,2014-12-02,2015-01-26,1060,79200.0,21903.0
2014-11-16 19:57:29,2014-12-02,2015-01-27,906,80640.0,21903.0
2014-11-16 19:57:43,2014-12-02,2015-01-28,999,82080.0,21902.0
2014-11-16 19:57:56,2014-12-02,2015-01-29,976,83520.0,21902.0
2014-11-16 19:58:11,2014-12-02,2015-01-30,906,84960.0,21902.0
2014-11-16 19:58:25,2014-12-02,2015-01-31,906,86400.0,21902.0
2014-11-16 19:58:40,2014-12-03,2015-01-01,1076,41760.0,23341.0
2014-11-16 19:58:53,2014-12-03,2015-01-02,1306,43200.0,23341.0
2014-11-16 19:59:07,2014-12-03,2015-01-03,1283,44640.0,23341.0
2014-11-16 19:59:20,2014-12-03,2015-01-04,1345,46080.0,23341.0
2014-11-16 19:59:33,2014-12-03,2015-01-05,1220,47520.0,23340.0
2014-11-16 19:59:45,2014-12-03,2015-01-06,1111,48960.0,23340.0
2014-11-16 19:59:59,2014-12-03,2015-01-07,1111,50400.0,23340.0
2014-11-16 20:00:13,2014-12-03,2015-01-08,1182,51840.0,23340.0
2014-11-16 20:00:27,2014-12-03,2015-01-09,1111,53280.0,23340.0
2014-11-16 20:00:40,2014-12-03,2015-01-10,1175,54720.0,23339.0
2014-11-16 20:01:01,2014-12-03,2015-01-11,1053,56160.0,23339.0
2014-11-16 20:01:32,2014-12-03,2015-01-13,929,59040.0,23338.0
2014-11-16 20:01:46,2014-12-03,2015-01-14,929,60480.0,23338.0
2014-11-16 20:02:03,2014-12-03,2015-01-15,1021,61920.0,23338.0
2014-11-16 20:02:15,2014-12-03,2015-01-16,1021,63360.0,23338.0
2014-11-16 20:02:29,2014-12-03,2015-01-17,1021,64800.0,23338.0
2014-11-16 20:02:43,2014-12-03,2015-01-18,776,66240.0,23337.0
2014-11-16 20:02:58,2014-12-03,2015-01-19,929,67680.0,23337.0
2014-11-16 20:03:10,2014-12-03,2015-01-20,776,69120.0,23337.0
2014-11-16 20:03:24,2014-12-03,2015-01-21,776,70560.0,23337.0
2014-11-16 20:03:36,2014-12-03,2015-01-22,929,72000.0,23336.0
2014-11-16 20:03:50,2014-12-03,2015-01-23,776,73440.0,23336.0
2014-11-16 20:04:04,2014-12-03,2015-01-24,966,74880.0,23336.0
2014-11-16 20:04:16,2014-12-03,2015-01-25,776,76320.0,23336.0
2014-11-16 20:04:28,2014-12-03,2015-01-26,929,77760.0,23336.0
2014-11-16 20:04:41,2014-12-03,2015-01-27,776,79200.0,23335.0
2014-11-16 20:04:54,2014-12-03,2015-01-28,776,80640.0,23335.0
2014-11-16 20:05:08,2014-12-03,2015-01-29,991,82080.0,23335.0
2014-11-16 20:05:21,2014-12-03,2015-01-30,776,83520.0,23335.0
2014-11-16 20:05:35,2014-12-03,2015-01-31,929,84960.0,23334.0
2014-11-16 20:05:52,2014-12-04,2015-01-01,1002,40320.0,24774.0
2014-11-16 20:06:07,2014-12-04,2015-01-02,1314,41760.0,24774.0
2014-11-16 20:06:20,2014-12-04,2015-01-03,1002,43200.0,24774.0
2014-11-16 20:06:33,2014-12-04,2015-01-04,1320,44640.0,24773.0
2014-11-16 20:06:48,2014-12-04,2015-01-05,1195,46080.0,24773.0
2014-11-16 20:07:01,2014-12-04,2015-01-06,1119,47520.0,24773.0
2014-11-16 20:07:15,2014-12-04,2015-01-07,1119,48960.0,24773.0
2014-11-16 20:07:28,2014-12-04,2015-01-08,979,50400.0,24773.0
2014-11-16 20:07:45,2014-12-04,2015-01-09,1119,51840.0,24772.0
2014-11-16 20:07:59,2014-12-04,2015-01-10,1076,53280.0,24772.0
2014-11-16 20:08:11,2014-12-04,2015-01-11,1050,54720.0,24772.0
2014-11-16 20:08:24,2014-12-04,2015-01-12,1050,56160.0,24772.0
2014-11-16 20:08:37,2014-12-04,2015-01-13,942,57600.0,24771.0
2014-11-16 20:08:54,2014-12-04,2015-01-14,1060,59040.0,24771.0
2014-11-16 20:09:07,2014-12-04,2015-01-15,942,60480.0,24771.0
2014-11-16 20:09:20,2014-12-04,2015-01-16,942,61920.0,24771.0
2014-11-16 20:09:33,2014-12-04,2015-01-17,942,63360.0,24770.0
2014-11-16 20:09:46,2014-12-04,2015-01-18,941,64800.0,24770.0
2014-11-16 20:10:02,2014-12-04,2015-01-19,958,66240.0,24770.0
2014-11-16 20:10:16,2014-12-04,2015-01-20,941,67680.0,24770.0
2014-11-16 20:10:30,2014-12-04,2015-01-21,820,69120.0,24770.0
2014-11-16 20:10:43,2014-12-04,2015-01-22,942,70560.0,24769.0
2014-11-16 20:10:57,2014-12-04,2015-01-23,942,72000.0,24769.0
2014-11-16 20:11:12,2014-12-04,2015-01-24,988,73440.0,24769.0
2014-11-16 20:11:24,2014-12-04,2015-01-25,792,74880.0,24769.0
2014-11-16 20:11:36,2014-12-04,2015-01-26,792,76320.0,24768.0
2014-11-16 20:11:52,2014-12-04,2015-01-27,792,77760.0,24768.0
2014-11-16 20:12:06,2014-12-04,2015-01-28,792,79200.0,24768.0
2014-11-16 20:12:20,2014-12-04,2015-01-29,820,80640.0,24768.0
2014-11-16 20:12:34,2014-12-04,2015-01-30,820,82080.0,24767.0
2014-11-16 20:12:48,2014-12-04,2015-01-31,991,83520.0,24767.0
2014-11-16 20:13:00,2014-12-05,2015-01-01,1082,38880.0,26207.0
2014-11-16 20:13:15,2014-12-05,2015-01-02,1369,40320.0,26207.0
2014-11-16 20:13:28,2014-12-05,2015-01-03,1082,41760.0,26207.0
2014-11-16 20:13:42,2014-12-05,2015-01-04,1395,43200.0,26206.0
2014-11-16 20:13:55,2014-12-05,2015-01-05,1270,44640.0,26206.0
2014-11-16 20:14:08,2014-12-05,2015-01-06,1133,46080.0,26206.0
2014-11-16 20:14:22,2014-12-05,2015-01-07,1169,47520.0,26206.0
2014-11-16 20:14:35,2014-12-05,2015-01-08,979,48960.0,26205.0
2014-11-16 20:14:50,2014-12-05,2015-01-09,1146,50400.0,26205.0
2014-11-16 20:15:05,2014-12-05,2015-01-10,988,51840.0,26205.0
2014-11-16 20:15:19,2014-12-05,2015-01-11,1210,53280.0,26205.0
2014-11-16 20:15:32,2014-12-05,2015-01-12,892,54720.0,26204.0
2014-11-16 20:15:46,2014-12-05,2015-01-13,892,56160.0,26204.0
2014-11-16 20:16:00,2014-12-05,2015-01-14,892,57600.0,26204.0
2014-11-16 20:16:23,2014-12-05,2015-01-15,980,59040.0,26204.0
2014-11-16 20:16:38,2014-12-05,2015-01-16,984,60480.0,26203.0
2014-11-16 20:16:54,2014-12-05,2015-01-17,984,61920.0,26203.0
2014-11-16 20:17:08,2014-12-05,2015-01-18,892,63360.0,26203.0
2014-11-16 20:17:22,2014-12-05,2015-01-19,892,64800.0,26203.0
2014-11-16 20:17:35,2014-12-05,2015-01-20,892,66240.0,26202.0
2014-11-16 20:17:48,2014-12-05,2015-01-21,892,67680.0,26202.0
2014-11-16 20:18:00,2014-12-05,2015-01-22,892,69120.0,26202.0
2014-11-16 20:18:13,2014-12-05,2015-01-23,984,70560.0,26202.0
2014-11-16 20:18:26,2014-12-05,2015-01-24,929,72000.0,26202.0
2014-11-16 20:18:40,2014-12-05,2015-01-25,892,73440.0,26201.0
2014-11-16 20:18:55,2014-12-05,2015-01-26,892,74880.0,26201.0
2014-11-16 20:19:10,2014-12-05,2015-01-27,892,76320.0,26201.0
2014-11-16 20:19:23,2014-12-05,2015-01-28,984,77760.0,26201.0
2014-11-16 20:19:37,2014-12-05,2015-01-29,929,79200.0,26200.0
2014-11-16 20:19:49,2014-12-05,2015-01-30,991,80640.0,26200.0
2014-11-16 20:20:02,2014-12-05,2015-01-31,892,82080.0,26200.0
2014-11-16 20:20:14,2014-12-06,2015-01-01,1090,37440.0,27640.0
2014-11-16 20:20:28,2014-12-06,2015-01-02,1380,38880.0,27640.0
2014-11-16 20:20:42,2014-12-06,2015-01-03,1306,40320.0,27639.0
2014-11-16 20:20:55,2014-12-06,2015-01-04,1320,41760.0,27639.0
2014-11-16 20:21:08,2014-12-06,2015-01-05,1195,43200.0,27639.0
2014-11-16 20:21:21,2014-12-06,2015-01-06,k,44640.0,27639.0
2014-11-16 20:21:35,2014-12-06,2015-01-07,1111,46080.0,27638.0
2014-11-16 20:21:48,2014-12-06,2015-01-08,1147,47520.0,27638.0
2014-11-16 20:22:01,2014-12-06,2015-01-09,1111,48960.0,27638.0
2014-11-16 20:22:16,2014-12-06,2015-01-10,1245,50400.0,27638.0
2014-11-16 20:22:30,2014-12-06,2015-01-11,1053,51840.0,27638.0
2014-11-16 20:22:42,2014-12-06,2015-01-12,1078,53280.0,27637.0
2014-11-16 20:22:56,2014-12-06,2015-01-13,986,54720.0,27637.0
2014-11-16 20:23:12,2014-12-06,2015-01-14,986,56160.0,27637.0
2014-11-16 20:23:25,2014-12-06,2015-01-15,1032,57600.0,27637.0
2014-11-16 20:23:38,2014-12-06,2015-01-16,1032,59040.0,27636.0
2014-11-16 20:23:51,2014-12-06,2015-01-17,1060,60480.0,27636.0
2014-11-16 20:24:05,2014-12-06,2015-01-18,776,61920.0,27636.0
2014-11-16 20:24:17,2014-12-06,2015-01-19,986,63360.0,27636.0
2014-11-16 20:24:30,2014-12-06,2015-01-20,776,64800.0,27636.0
2014-11-16 20:24:45,2014-12-06,2015-01-21,776,66240.0,27635.0
2014-11-16 20:24:57,2014-12-06,2015-01-22,986,67680.0,27635.0
2014-11-16 20:25:11,2014-12-06,2015-01-23,776,69120.0,27635.0
2014-11-16 20:25:25,2014-12-06,2015-01-24,1060,70560.0,27635.0
2014-11-16 20:25:37,2014-12-06,2015-01-25,776,72000.0,27634.0
2014-11-16 20:25:50,2014-12-06,2015-01-26,820,73440.0,27634.0
2014-11-16 20:26:04,2014-12-06,2015-01-27,776,74880.0,27634.0
2014-11-16 20:26:18,2014-12-06,2015-01-28,776,76320.0,27634.0
2014-11-16 20:26:32,2014-12-06,2015-01-29,847,77760.0,27633.0
2014-11-16 20:26:45,2014-12-06,2015-01-30,776,79200.0,27633.0
2014-11-16 20:26:57,2014-12-06,2015-01-31,1060,80640.0,27633.0
2014-11-16 20:27:11,2014-12-07,2015-01-01,1068,36000.0,29073.0
2014-11-16 20:27:26,2014-12-07,2015-01-02,1416,37440.0,29073.0
2014-11-16 20:27:38,2014-12-07,2015-01-03,1276,38880.0,29072.0
2014-11-16 20:27:51,2014-12-07,2015-01-04,1320,40320.0,29072.0
2014-11-16 20:28:04,2014-12-07,2015-01-05,1195,41760.0,29072.0
2014-11-16 20:28:16,2014-12-07,2015-01-06,1133,43200.0,29072.0
2014-11-16 20:28:29,2014-12-07,2015-01-07,1165,44640.0,29072.0
2014-11-16 20:28:43,2014-12-07,2015-01-08,1021,46080.0,29071.0
2014-11-16 20:28:58,2014-12-07,2015-01-09,1146,47520.0,29071.0
2014-11-16 20:29:12,2014-12-07,2015-01-10,1061,48960.0,29071.0
2014-11-16 20:29:25,2014-12-07,2015-01-11,1135,50400.0,29071.0
2014-11-16 20:29:39,2014-12-07,2015-01-12,892,51840.0,29070.0
2014-11-16 20:29:51,2014-12-07,2015-01-13,892,53280.0,29070.0
2014-11-16 20:30:05,2014-12-07,2015-01-14,892,54720.0,29070.0
2014-11-16 20:30:18,2014-12-07,2015-01-15,976,56160.0,29070.0
2014-11-16 20:30:33,2014-12-07,2015-01-16,976,57600.0,29069.0
2014-11-16 20:30:47,2014-12-07,2015-01-17,976,59040.0,29069.0
2014-11-16 20:31:00,2014-12-07,2015-01-18,892,60480.0,29069.0
2014-11-16 20:31:13,2014-12-07,2015-01-19,892,61920.0,29069.0
2014-11-16 20:31:26,2014-12-07,2015-01-20,892,63360.0,29069.0
2014-11-16 20:31:39,2014-12-07,2015-01-21,892,64800.0,29068.0
2014-11-16 20:31:51,2014-12-07,2015-01-22,892,66240.0,29068.0
2014-11-16 20:32:05,2014-12-07,2015-01-23,976,67680.0,29068.0
2014-11-16 20:32:21,2014-12-07,2015-01-24,929,69120.0,29068.0
2014-11-16 20:32:34,2014-12-07,2015-01-25,892,70560.0,29067.0
2014-11-16 20:32:47,2014-12-07,2015-01-26,892,72000.0,29067.0
2014-11-16 20:33:00,2014-12-07,2015-01-27,892,73440.0,29067.0
2014-11-16 20:33:13,2014-12-07,2015-01-28,984,74880.0,29067.0
2014-11-16 20:33:26,2014-12-07,2015-01-29,929,76320.0,29067.0
2014-11-16 20:33:41,2014-12-07,2015-01-30,976,77760.0,29066.0
2014-11-16 20:33:55,2014-12-07,2015-01-31,892,79200.0,29066.0
2014-11-16 20:34:09,2014-12-08,2015-01-01,1077,34560.0,30506.0
2014-11-16 20:34:22,2014-12-08,2015-01-02,1380,36000.0,30506.0
2014-11-16 20:34:34,2014-12-08,2015-01-03,1306,37440.0,30505.0
2014-11-16 20:34:48,2014-12-08,2015-01-04,1320,38880.0,30505.0
2014-11-16 20:35:01,2014-12-08,2015-01-05,1195,40320.0,30505.0
2014-11-16 20:35:14,2014-12-08,2015-01-06,1111,41760.0,30505.0
2014-11-16 20:35:27,2014-12-08,2015-01-07,1111,43200.0,30505.0
2014-11-16 20:35:42,2014-12-08,2015-01-08,1128,44640.0,30504.0
2014-11-16 20:35:55,2014-12-08,2015-01-09,1111,46080.0,30504.0
2014-11-16 20:36:09,2014-12-08,2015-01-10,1215,47520.0,30504.0
2014-11-16 20:36:24,2014-12-08,2015-01-11,1053,48960.0,30504.0
2014-11-16 20:36:37,2014-12-08,2015-01-12,983,50400.0,30503.0
2014-11-16 20:36:52,2014-12-08,2015-01-13,983,51840.0,30503.0
2014-11-16 20:37:05,2014-12-08,2015-01-14,983,53280.0,30503.0
2014-11-16 20:37:18,2014-12-08,2015-01-15,1060,54720.0,30503.0
2014-11-16 20:37:32,2014-12-08,2015-01-16,1060,56160.0,30502.0
2014-11-16 20:37:45,2014-12-08,2015-01-17,1060,57600.0,30502.0
2014-11-16 20:37:58,2014-12-08,2015-01-18,776,59040.0,30502.0
2014-11-16 20:38:11,2014-12-08,2015-01-19,965,60480.0,30502.0
2014-11-16 20:38:23,2014-12-08,2015-01-20,776,61920.0,30502.0
2014-11-16 20:38:36,2014-12-08,2015-01-21,776,63360.0,30501.0
2014-11-16 20:38:50,2014-12-08,2015-01-22,983,64800.0,30501.0
2014-11-16 20:39:03,2014-12-08,2015-01-23,776,66240.0,30501.0
2014-11-16 20:39:18,2014-12-08,2015-01-24,1023,67680.0,30501.0
2014-11-16 20:39:32,2014-12-08,2015-01-25,776,69120.0,30500.0
2014-11-16 20:39:47,2014-12-08,2015-01-26,983,70560.0,30500.0
2014-11-16 20:40:01,2014-12-08,2015-01-27,776,72000.0,30500.0
2014-11-16 20:40:14,2014-12-08,2015-01-28,776,73440.0,30500.0
2014-11-16 20:40:29,2014-12-08,2015-01-29,987,74880.0,30500.0
2014-11-16 20:40:41,2014-12-08,2015-01-30,776,76320.0,30499.0
2014-11-16 20:40:55,2014-12-08,2015-01-31,983,77760.0,30499.0
2014-11-16 20:41:07,2014-12-09,2015-01-01,988,33120.0,31939.0
2014-11-16 20:41:21,2014-12-09,2015-01-02,1418,34560.0,31939.0
2014-11-16 20:41:35,2014-12-09,2015-01-03,1206,36000.0,31938.0
2014-11-16 20:41:50,2014-12-09,2015-01-04,1320,37440.0,31938.0
2014-11-16 20:42:06,2014-12-09,2015-01-05,1195,38880.0,31938.0
2014-11-16 20:42:20,2014-12-09,2015-01-06,1147,40320.0,31938.0
2014-11-16 20:42:35,2014-12-09,2015-01-07,1128,41760.0,31937.0
2014-11-16 20:42:50,2014-12-09,2015-01-08,988,43200.0,31937.0
2014-11-16 20:43:03,2014-12-09,2015-01-09,1147,44640.0,31937.0
2014-11-16 20:43:17,2014-12-09,2015-01-10,991,46080.0,31937.0
2014-11-16 20:43:31,2014-12-09,2015-01-11,1128,47520.0,31936.0
2014-11-16 20:43:43,2014-12-09,2015-01-12,1066,48960.0,31936.0
2014-11-16 20:43:56,2014-12-09,2015-01-13,906,50400.0,31936.0
2014-11-16 20:44:10,2014-12-09,2015-01-14,1060,51840.0,31936.0
2014-11-16 20:44:22,2014-12-09,2015-01-15,906,53280.0,31936.0
2014-11-16 20:44:36,2014-12-09,2015-01-16,906,54720.0,31935.0
2014-11-16 20:44:48,2014-12-09,2015-01-17,906,56160.0,31935.0
2014-11-16 20:45:00,2014-12-09,2015-01-18,874,57600.0,31935.0
2014-11-16 20:45:16,2014-12-09,2015-01-19,986,59040.0,31935.0
2014-11-16 20:45:29,2014-12-09,2015-01-20,874,60480.0,31935.0
2014-11-16 20:45:41,2014-12-09,2015-01-21,847,61920.0,31934.0
2014-11-16 20:45:55,2014-12-09,2015-01-22,906,63360.0,31934.0
2014-11-16 20:46:08,2014-12-09,2015-01-23,906,64800.0,31934.0
2014-11-16 20:46:21,2014-12-09,2015-01-24,906,66240.0,31934.0
2014-11-16 20:46:35,2014-12-09,2015-01-25,820,67680.0,31933.0
2014-11-16 20:46:49,2014-12-09,2015-01-26,820,69120.0,31933.0
2014-11-16 20:47:02,2014-12-09,2015-01-27,820,70560.0,31933.0
2014-11-16 20:47:17,2014-12-09,2015-01-28,820,72000.0,31933.0
2014-11-16 20:47:35,2014-12-09,2015-01-29,847,73440.0,31932.0
2014-11-16 20:47:49,2014-12-09,2015-01-30,847,74880.0,31932.0
2014-11-16 20:48:01,2014-12-09,2015-01-31,906,76320.0,31932.0
2014-11-16 20:48:17,2014-12-10,2015-01-01,1083,31680.0,33372.0
2014-11-16 20:48:31,2014-12-10,2015-01-02,1396,33120.0,33371.0
2014-11-16 20:48:44,2014-12-10,2015-01-03,1322,34560.0,33371.0
2014-11-16 20:48:57,2014-12-10,2015-01-04,1370,36000.0,33371.0
2014-11-16 20:49:11,2014-12-10,2015-01-05,1245,37440.0,33371.0
2014-11-16 20:49:24,2014-12-10,2015-01-06,1165,38880.0,33371.0
2014-11-16 20:49:38,2014-12-10,2015-01-07,1146,40320.0,33370.0
2014-11-16 20:49:52,2014-12-10,2015-01-08,1146,41760.0,33370.0
2014-11-16 20:50:05,2014-12-10,2015-01-09,1165,43200.0,33370.0
2014-11-16 20:50:18,2014-12-10,2015-01-10,1295,44640.0,33370.0
2014-11-16 20:50:31,2014-12-10,2015-01-11,1107,46080.0,33369.0
2014-11-16 20:50:45,2014-12-10,2015-01-12,929,47520.0,33369.0
2014-11-16 20:50:58,2014-12-10,2015-01-13,929,48960.0,33369.0
2014-11-16 20:51:12,2014-12-10,2015-01-14,929,50400.0,33369.0
2014-11-16 20:51:29,2014-12-10,2015-01-15,1021,51840.0,33369.0
2014-11-16 20:51:42,2014-12-10,2015-01-16,1021,53280.0,33368.0
2014-11-16 20:51:56,2014-12-10,2015-01-17,1021,54720.0,33368.0
2014-11-16 20:52:09,2014-12-10,2015-01-18,806,56160.0,33368.0
2014-11-16 20:52:23,2014-12-10,2015-01-19,929,57600.0,33368.0
2014-11-16 20:52:36,2014-12-10,2015-01-20,806,59040.0,33367.0
2014-11-16 20:52:51,2014-12-10,2015-01-21,806,60480.0,33367.0
2014-11-16 20:53:04,2014-12-10,2015-01-22,929,61920.0,33367.0
2014-11-16 20:53:16,2014-12-10,2015-01-23,806,63360.0,33367.0
2014-11-16 20:53:28,2014-12-10,2015-01-24,966,64800.0,33367.0
2014-11-16 20:53:42,2014-12-10,2015-01-25,806,66240.0,33366.0
2014-11-16 20:53:55,2014-12-10,2015-01-26,929,67680.0,33366.0
2014-11-16 20:54:07,2014-12-10,2015-01-27,806,69120.0,33366.0
2014-11-16 20:54:19,2014-12-10,2015-01-28,806,70560.0,33366.0
2014-11-16 20:54:37,2014-12-10,2015-01-29,966,72000.0,33365.0
2014-11-16 20:54:51,2014-12-10,2015-01-30,806,73440.0,33365.0
2014-11-16 20:55:05,2014-12-10,2015-01-31,929,74880.0,33365.0
2014-11-16 20:55:18,2014-12-11,2015-01-01,1104,30240.0,34805.0
2014-11-16 20:55:30,2014-12-11,2015-01-02,1456,31680.0,34805.0
2014-11-16 20:56:00,2014-12-11,2015-01-03,1129,33120.0,34804.0
2014-11-16 20:56:12,2014-12-11,2015-01-04,1395,34560.0,34804.0
2014-11-16 20:56:25,2014-12-11,2015-01-05,1270,36000.0,34804.0
2014-11-16 20:56:40,2014-12-11,2015-01-06,1173,37440.0,34803.0
2014-11-16 20:57:00,2014-12-11,2015-01-07,1146,38880.0,34803.0
2014-11-16 20:57:15,2014-12-11,2015-01-08,1146,40320.0,34803.0
2014-11-16 20:57:28,2014-12-11,2015-01-09,1182,41760.0,34803.0
2014-11-16 20:57:40,2014-12-11,2015-01-10,1271,43200.0,34802.0
2014-11-16 20:57:53,2014-12-11,2015-01-11,1137,44640.0,34802.0
2014-11-16 20:58:07,2014-12-11,2015-01-12,929,46080.0,34802.0
2014-11-16 20:58:20,2014-12-11,2015-01-13,929,47520.0,34802.0
2014-11-16 20:58:35,2014-12-11,2015-01-14,892,48960.0,34801.0
2014-11-16 20:58:50,2014-12-11,2015-01-15,1021,50400.0,34801.0
2014-11-16 20:59:04,2014-12-11,2015-01-16,1021,51840.0,34801.0
2014-11-16 20:59:19,2014-12-11,2015-01-17,1021,53280.0,34801.0
2014-11-16 20:59:33,2014-12-11,2015-01-18,929,54720.0,34800.0
2014-11-16 20:59:46,2014-12-11,2015-01-19,929,56160.0,34800.0
2014-11-16 21:00:01,2014-12-11,2015-01-20,929,57600.0,34800.0
2014-11-16 21:00:14,2014-12-11,2015-01-21,929,59040.0,34800.0
2014-11-16 21:00:27,2014-12-11,2015-01-22,929,60480.0,34800.0
2014-11-16 21:00:41,2014-12-11,2015-01-23,1021,61920.0,34799.0
2014-11-16 21:00:54,2014-12-11,2015-01-24,966,63360.0,34799.0
2014-11-16 21:01:08,2014-12-11,2015-01-25,929,64800.0,34799.0
2014-11-16 21:01:21,2014-12-11,2015-01-26,929,66240.0,34799.0
2014-11-16 21:01:34,2014-12-11,2015-01-27,929,67680.0,34798.0
2014-11-16 21:01:47,2014-12-11,2015-01-28,958,69120.0,34798.0
2014-11-16 21:02:00,2014-12-11,2015-01-29,966,70560.0,34798.0
2014-11-16 21:02:13,2014-12-11,2015-01-30,986,72000.0,34798.0
2014-11-16 21:02:26,2014-12-11,2015-01-31,929,73440.0,34798.0
2014-11-16 21:02:42,2014-12-12,2015-01-01,1104,28800.0,36237.0
2014-11-16 21:02:57,2014-12-12,2015-01-02,1455,30240.0,36237.0
2014-11-16 21:03:10,2014-12-12,2015-01-03,1409,31680.0,36237.0
2014-11-16 21:03:23,2014-12-12,2015-01-04,1455,33120.0,36237.0
2014-11-16 21:03:35,2014-12-12,2015-01-05,1316,34560.0,36236.0
2014-11-16 21:03:55,2014-12-12,2015-01-06,1067,36000.0,36236.0
2014-11-16 21:04:08,2014-12-12,2015-01-07,1180,37440.0,36236.0
2014-11-16 21:04:21,2014-12-12,2015-01-08,1112,38880.0,36236.0
2014-11-16 21:04:35,2014-12-12,2015-01-09,1182,40320.0,36235.0
2014-11-16 21:04:50,2014-12-12,2015-01-10,1225,41760.0,36235.0
2014-11-16 21:05:04,2014-12-12,2015-01-11,1180,43200.0,36235.0
2014-11-16 21:05:17,2014-12-12,2015-01-12,929,44640.0,36235.0
2014-11-16 21:05:30,2014-12-12,2015-01-13,929,46080.0,36235.0
2014-11-16 21:05:59,2014-12-12,2015-01-14,892,47520.0,36234.0
2014-11-16 21:06:13,2014-12-12,2015-01-15,1021,48960.0,36234.0
2014-11-16 21:06:33,2014-12-12,2015-01-16,984,50400.0,36233.0
2014-11-16 21:06:46,2014-12-12,2015-01-17,1021,51840.0,36233.0
2014-11-16 21:07:01,2014-12-12,2015-01-18,929,53280.0,36233.0
2014-11-16 21:07:14,2014-12-12,2015-01-19,929,54720.0,36233.0
2014-11-16 21:07:26,2014-12-12,2015-01-20,929,56160.0,36233.0
2014-11-16 21:07:38,2014-12-12,2015-01-21,929,57600.0,36232.0
2014-11-16 21:07:52,2014-12-12,2015-01-22,929,59040.0,36232.0
2014-11-16 21:08:05,2014-12-12,2015-01-23,1021,60480.0,36232.0
2014-11-16 21:08:19,2014-12-12,2015-01-24,966,61920.0,36232.0
2014-11-16 21:08:32,2014-12-12,2015-01-25,929,63360.0,36231.0
2014-11-16 21:08:45,2014-12-12,2015-01-26,929,64800.0,36231.0
2014-11-16 21:08:58,2014-12-12,2015-01-27,929,66240.0,36231.0
2014-11-16 21:09:11,2014-12-12,2015-01-28,1021,67680.0,36231.0
2014-11-16 21:09:31,2014-12-12,2015-01-29,966,69120.0,36230.0
2014-11-16 21:09:44,2014-12-12,2015-01-30,1083,70560.0,36230.0
2014-11-16 21:09:59,2014-12-12,2015-01-31,929,72000.0,36230.0
2014-11-16 21:10:12,2014-12-13,2015-01-01,1180,27360.0,37670.0
2014-11-16 21:10:24,2014-12-13,2015-01-02,1564,28800.0,37670.0
2014-11-16 21:10:37,2014-12-13,2015-01-03,1566,30240.0,37669.0
2014-11-16 21:10:50,2014-12-13,2015-01-04,1345,31680.0,37669.0
2014-11-16 21:11:03,2014-12-13,2015-01-05,1220,33120.0,37669.0
2014-11-16 21:11:16,2014-12-13,2015-01-06,1190,34560.0,37669.0
2014-11-16 21:11:30,2014-12-13,2015-01-07,1190,36000.0,37669.0
2014-11-16 21:11:44,2014-12-13,2015-01-08,1190,37440.0,37668.0
2014-11-16 21:11:59,2014-12-13,2015-01-09,1226,38880.0,37668.0
2014-11-16 21:12:12,2014-12-13,2015-01-10,1196,40320.0,37668.0
2014-11-16 21:12:24,2014-12-13,2015-01-11,1160,41760.0,37668.0
2014-11-16 21:12:37,2014-12-13,2015-01-12,1091,43200.0,37667.0
2014-11-16 21:12:53,2014-12-13,2015-01-13,1085,44640.0,37667.0
2014-11-16 21:13:06,2014-12-13,2015-01-14,1085,46080.0,37667.0
2014-11-16 21:13:20,2014-12-13,2015-01-15,1085,47520.0,37667.0
2014-11-16 21:13:33,2014-12-13,2015-01-16,1085,48960.0,37666.0
2014-11-16 21:13:46,2014-12-13,2015-01-17,1085,50400.0,37666.0
2014-11-16 21:13:59,2014-12-13,2015-01-18,1085,51840.0,37666.0
2014-11-16 21:14:13,2014-12-13,2015-01-19,1085,53280.0,37666.0
2014-11-16 21:14:25,2014-12-13,2015-01-20,1085,54720.0,37666.0
2014-11-16 21:14:39,2014-12-13,2015-01-21,1085,56160.0,37665.0
2014-11-16 21:14:51,2014-12-13,2015-01-22,1085,57600.0,37665.0
2014-11-16 21:15:04,2014-12-13,2015-01-23,1085,59040.0,37665.0
2014-11-16 21:15:17,2014-12-13,2015-01-24,1085,60480.0,37665.0
2014-11-16 21:15:29,2014-12-13,2015-01-25,1085,61920.0,37665.0
2014-11-16 21:15:42,2014-12-13,2015-01-26,1085,63360.0,37664.0
2014-11-16 21:15:55,2014-12-13,2015-01-27,1085,64800.0,37664.0
2014-11-16 21:16:08,2014-12-13,2015-01-28,1085,66240.0,37664.0
2014-11-16 21:16:21,2014-12-13,2015-01-29,1085,67680.0,37664.0
2014-11-16 21:16:34,2014-12-13,2015-01-30,1085,69120.0,37663.0
2014-11-16 21:16:48,2014-12-13,2015-01-31,1085,70560.0,37663.0
2014-11-16 21:17:00,2014-12-14,2015-01-01,1066,25920.0,39103.0
2014-11-16 21:17:14,2014-12-14,2015-01-02,1394,27360.0,39103.0
2014-11-16 21:17:27,2014-12-14,2015-01-03,1331,28800.0,39103.0
2014-11-16 21:17:40,2014-12-14,2015-01-04,1425,30240.0,39102.0
2014-11-16 21:17:54,2014-12-14,2015-01-05,1300,31680.0,39102.0
2014-11-16 21:18:06,2014-12-14,2015-01-06,1173,33120.0,39102.0
2014-11-16 21:18:19,2014-12-14,2015-01-07,1180,34560.0,39102.0
2014-11-16 21:18:32,2014-12-14,2015-01-08,1066,36000.0,39101.0
2014-11-16 21:18:45,2014-12-14,2015-01-09,1182,37440.0,39101.0
2014-11-16 21:18:58,2014-12-14,2015-01-10,1066,38880.0,39101.0
2014-11-16 21:19:12,2014-12-14,2015-01-11,1180,40320.0,39101.0
2014-11-16 21:19:25,2014-12-14,2015-01-12,929,41760.0,39101.0
2014-11-16 21:19:37,2014-12-14,2015-01-13,929,43200.0,39100.0
2014-11-16 21:19:51,2014-12-14,2015-01-14,929,44640.0,39100.0
2014-11-16 21:20:03,2014-12-14,2015-01-15,991,46080.0,39100.0
2014-11-16 21:20:15,2014-12-14,2015-01-16,991,47520.0,39100.0
2014-11-16 21:20:28,2014-12-14,2015-01-17,991,48960.0,39100.0
2014-11-16 21:20:41,2014-12-14,2015-01-18,929,50400.0,39099.0
2014-11-16 21:20:55,2014-12-14,2015-01-19,929,51840.0,39099.0
2014-11-16 21:21:08,2014-12-14,2015-01-20,929,53280.0,39099.0
2014-11-16 21:21:21,2014-12-14,2015-01-21,929,54720.0,39099.0
2014-11-16 21:21:33,2014-12-14,2015-01-22,929,56160.0,39098.0
2014-11-16 21:21:46,2014-12-14,2015-01-23,942,57600.0,39098.0
2014-11-16 21:21:57,2014-12-14,2015-01-24,966,59040.0,39098.0
2014-11-16 21:22:10,2014-12-14,2015-01-25,929,60480.0,39098.0
2014-11-16 21:22:24,2014-12-14,2015-01-26,929,61920.0,39098.0
2014-11-16 21:22:39,2014-12-14,2015-01-27,929,63360.0,39097.0
2014-11-16 21:22:51,2014-12-14,2015-01-28,1021,64800.0,39097.0
2014-11-16 21:23:04,2014-12-14,2015-01-29,966,66240.0,39097.0
2014-11-16 21:23:16,2014-12-14,2015-01-30,991,67680.0,39097.0
2014-11-16 21:23:29,2014-12-14,2015-01-31,929,69120.0,39097.0
2014-11-16 21:23:42,2014-12-15,2015-01-01,1104,24480.0,40536.0
2014-11-16 21:23:54,2014-12-15,2015-01-02,1394,25920.0,40536.0
2014-11-16 21:24:05,2014-12-15,2015-01-03,1461,27360.0,40536.0
2014-11-16 21:24:18,2014-12-15,2015-01-04,1345,28800.0,40536.0
2014-11-16 21:24:31,2014-12-15,2015-01-05,1226,30240.0,40535.0
2014-11-16 21:24:44,2014-12-15,2015-01-06,1173,31680.0,40535.0
2014-11-16 21:24:57,2014-12-15,2015-01-07,1180,33120.0,40535.0
2014-11-16 21:25:10,2014-12-15,2015-01-08,1180,34560.0,40535.0
2014-11-16 21:25:22,2014-12-15,2015-01-09,1182,36000.0,40535.0
2014-11-16 21:25:36,2014-12-15,2015-01-10,1190,37440.0,40534.0
2014-11-16 21:25:47,2014-12-15,2015-01-11,1147,38880.0,40534.0
2014-11-16 21:26:01,2014-12-15,2015-01-12,929,40320.0,40534.0
2014-11-16 21:26:15,2014-12-15,2015-01-13,929,41760.0,40534.0
2014-11-16 21:26:27,2014-12-15,2015-01-14,929,43200.0,40534.0
2014-11-16 21:26:39,2014-12-15,2015-01-15,1066,44640.0,40533.0
2014-11-16 21:26:57,2014-12-15,2015-01-16,1066,46080.0,40533.0
2014-11-16 21:27:11,2014-12-15,2015-01-17,1021,47520.0,40533.0
2014-11-16 21:27:23,2014-12-15,2015-01-18,929,48960.0,40533.0
2014-11-16 21:27:36,2014-12-15,2015-01-19,929,50400.0,40532.0
2014-11-16 21:27:51,2014-12-15,2015-01-20,929,51840.0,40532.0
2014-11-16 21:28:17,2014-12-15,2015-01-21,975,53280.0,40532.0
2014-11-16 21:28:30,2014-12-15,2015-01-22,929,54720.0,40532.0
2014-11-16 21:28:41,2014-12-15,2015-01-23,1021,56160.0,40531.0
2014-11-16 21:28:53,2014-12-15,2015-01-24,966,57600.0,40531.0
2014-11-16 21:29:05,2014-12-15,2015-01-25,929,59040.0,40531.0
2014-11-16 21:29:18,2014-12-15,2015-01-26,929,60480.0,40531.0
2014-11-16 21:29:31,2014-12-15,2015-01-27,929,61920.0,40530.0
2014-11-16 21:29:45,2014-12-15,2015-01-28,1021,63360.0,40530.0
2014-11-16 21:30:01,2014-12-15,2015-01-29,966,64800.0,40530.0
2014-11-16 21:30:13,2014-12-15,2015-01-30,1021,66240.0,40530.0
2014-11-16 21:30:25,2014-12-15,2015-01-31,929,67680.0,40530.0
2014-11-16 21:30:37,2014-12-16,2015-01-01,988,23040.0,41969.0
2014-11-16 21:30:51,2014-12-16,2015-01-02,1354,24480.0,41969.0
2014-11-16 21:31:04,2014-12-16,2015-01-03,1331,25920.0,41969.0
2014-11-16 21:31:22,2014-12-16,2015-01-04,1416,27360.0,41969.0
2014-11-16 21:31:42,2014-12-16,2015-01-05,1276,28800.0,41968.0
2014-11-16 21:31:56,2014-12-16,2015-01-06,1133,30240.0,41968.0
2014-11-16 21:32:10,2014-12-16,2015-01-07,1180,31680.0,41968.0
2014-11-16 21:32:26,2014-12-16,2015-01-08,k,33120.0,41968.0
2014-11-16 21:32:39,2014-12-16,2015-01-09,k,34560.0,41967.0
2014-11-16 21:32:51,2014-12-16,2015-01-10,1225,36000.0,41967.0
2014-11-16 21:33:04,2014-12-16,2015-01-11,1189,37440.0,41967.0
2014-11-16 21:33:16,2014-12-16,2015-01-12,905,38880.0,41967.0
2014-11-16 21:33:29,2014-12-16,2015-01-13,905,40320.0,41967.0
2014-11-16 21:33:42,2014-12-16,2015-01-14,905,41760.0,41966.0
2014-11-16 21:33:55,2014-12-16,2015-01-15,999,43200.0,41966.0
2014-11-16 21:34:08,2014-12-16,2015-01-16,999,44640.0,41966.0
2014-11-16 21:34:21,2014-12-16,2015-01-17,999,46080.0,41966.0
2014-11-16 21:34:35,2014-12-16,2015-01-18,905,47520.0,41965.0
2014-11-16 21:34:47,2014-12-16,2015-01-19,905,48960.0,41965.0
2014-11-16 21:35:01,2014-12-16,2015-01-20,905,50400.0,41965.0
2014-11-16 21:35:13,2014-12-16,2015-01-21,905,51840.0,41965.0
2014-11-16 21:35:25,2014-12-16,2015-01-22,905,53280.0,41965.0
2014-11-16 21:35:40,2014-12-16,2015-01-23,999,54720.0,41964.0
2014-11-16 21:35:52,2014-12-16,2015-01-24,942,56160.0,41964.0
2014-11-16 21:36:05,2014-12-16,2015-01-25,905,57600.0,41964.0
2014-11-16 21:36:18,2014-12-16,2015-01-26,905,59040.0,41964.0
2014-11-16 21:36:33,2014-12-16,2015-01-27,892,60480.0,41963.0
2014-11-16 21:36:45,2014-12-16,2015-01-28,999,61920.0,41963.0
2014-11-16 21:36:59,2014-12-16,2015-01-29,942,63360.0,41963.0
2014-11-16 21:37:12,2014-12-16,2015-01-30,999,64800.0,41963.0
2014-11-16 21:37:25,2014-12-16,2015-01-31,905,66240.0,41963.0
2014-11-16 21:37:38,2014-12-17,2015-01-01,1284,21600.0,43402.0
2014-11-16 21:37:51,2014-12-17,2015-01-02,1505,23040.0,43402.0
2014-11-16 21:38:04,2014-12-17,2015-01-03,1590,24480.0,43402.0
2014-11-16 21:38:17,2014-12-17,2015-01-04,1505,25920.0,43402.0
2014-11-16 21:38:31,2014-12-17,2015-01-05,1380,27360.0,43401.0
2014-11-16 21:38:45,2014-12-17,2015-01-06,1380,28800.0,43401.0
2014-11-16 21:38:58,2014-12-17,2015-01-07,1311,30240.0,43401.0
2014-11-16 21:39:12,2014-12-17,2015-01-08,1350,31680.0,43401.0
2014-11-16 21:39:27,2014-12-17,2015-01-09,1380,33120.0,43401.0
2014-11-16 21:39:49,2014-12-17,2015-01-10,1350,34560.0,43400.0
2014-11-16 21:40:03,2014-12-17,2015-01-11,1245,36000.0,43400.0
2014-11-16 21:40:16,2014-12-17,2015-01-12,1227,37440.0,43400.0
2014-11-16 21:40:28,2014-12-17,2015-01-13,1082,38880.0,43400.0
2014-11-16 21:40:41,2014-12-17,2015-01-14,1227,40320.0,43399.0
2014-11-16 21:40:56,2014-12-17,2015-01-15,1082,41760.0,43399.0
2014-11-16 21:41:08,2014-12-17,2015-01-16,1245,43200.0,43399.0
2014-11-16 21:41:23,2014-12-17,2015-01-17,1082,44640.0,43399.0
2014-11-16 21:41:36,2014-12-17,2015-01-18,1082,46080.0,43398.0
2014-11-16 21:41:50,2014-12-17,2015-01-19,1219,47520.0,43398.0
2014-11-16 21:42:03,2014-12-17,2015-01-20,1120,48960.0,43398.0
2014-11-16 21:42:16,2014-12-17,2015-01-21,1183,50400.0,43398.0
2014-11-16 21:42:29,2014-12-17,2015-01-22,1120,51840.0,43398.0
2014-11-16 21:42:42,2014-12-17,2015-01-23,1082,53280.0,43397.0
2014-11-16 21:42:57,2014-12-17,2015-01-24,1129,54720.0,43397.0
2014-11-16 21:43:11,2014-12-17,2015-01-25,1082,56160.0,43397.0
2014-11-16 21:43:25,2014-12-17,2015-01-26,1175,57600.0,43397.0
2014-11-16 21:43:38,2014-12-17,2015-01-27,1082,59040.0,43396.0
2014-11-16 21:43:50,2014-12-17,2015-01-28,1175,60480.0,43396.0
2014-11-16 21:44:08,2014-12-17,2015-01-29,1129,61920.0,43396.0
2014-11-16 21:44:22,2014-12-17,2015-01-30,1082,63360.0,43396.0
2014-11-16 21:44:35,2014-12-17,2015-01-31,1129,64800.0,43395.0
2014-11-16 21:44:49,2014-12-18,2015-01-01,1383,20160.0,44835.0
2014-11-16 21:45:05,2014-12-18,2015-01-02,1555,21600.0,44835.0
2014-11-16 21:45:23,2014-12-18,2015-01-03,1696,23040.0,44835.0
2014-11-16 21:45:35,2014-12-18,2015-01-04,1555,24480.0,44834.0
2014-11-16 21:45:47,2014-12-18,2015-01-05,1430,25920.0,44834.0
2014-11-16 21:46:00,2014-12-18,2015-01-06,1430,27360.0,44834.0
2014-11-16 21:46:13,2014-12-18,2015-01-07,1400,28800.0,44834.0
2014-11-16 21:46:26,2014-12-18,2015-01-08,1400,30240.0,44834.0
2014-11-16 21:46:39,2014-12-18,2015-01-09,1408,31680.0,44833.0
2014-11-16 21:46:53,2014-12-18,2015-01-10,1400,33120.0,44833.0
2014-11-16 21:47:06,2014-12-18,2015-01-11,1295,34560.0,44833.0
2014-11-16 21:47:19,2014-12-18,2015-01-12,1138,36000.0,44833.0
2014-11-16 21:47:32,2014-12-18,2015-01-13,1133,37440.0,44832.0
2014-11-16 21:47:44,2014-12-18,2015-01-14,1133,38880.0,44832.0
2014-11-16 21:47:57,2014-12-18,2015-01-15,1238,40320.0,44832.0
2014-11-16 21:48:10,2014-12-18,2015-01-16,1233,41760.0,44832.0
2014-11-16 21:48:25,2014-12-18,2015-01-17,1233,43200.0,44832.0
2014-11-16 21:48:38,2014-12-18,2015-01-18,1133,44640.0,44831.0
2014-11-16 21:48:52,2014-12-18,2015-01-19,1133,46080.0,44831.0
2014-11-16 21:49:05,2014-12-18,2015-01-20,1133,47520.0,44831.0
2014-11-16 21:49:19,2014-12-18,2015-01-21,1133,48960.0,44831.0
2014-11-16 21:49:32,2014-12-18,2015-01-22,1133,50400.0,44830.0
2014-11-16 21:49:45,2014-12-18,2015-01-23,1233,51840.0,44830.0
2014-11-16 21:49:59,2014-12-18,2015-01-24,1173,53280.0,44830.0
2014-11-16 21:50:12,2014-12-18,2015-01-25,1133,54720.0,44830.0
2014-11-16 21:50:25,2014-12-18,2015-01-26,1133,56160.0,44830.0
2014-11-16 21:50:38,2014-12-18,2015-01-27,1133,57600.0,44829.0
2014-11-16 21:50:51,2014-12-18,2015-01-28,1233,59040.0,44829.0
2014-11-16 21:51:03,2014-12-18,2015-01-29,1173,60480.0,44829.0
2014-11-16 21:51:16,2014-12-18,2015-01-30,1233,61920.0,44829.0
2014-11-16 21:51:30,2014-12-18,2015-01-31,1133,63360.0,44829.0
2014-11-16 21:51:42,2014-12-19,2015-01-01,1716,18720.0,46268.0
2014-11-16 21:51:57,2014-12-19,2015-01-02,1764,20160.0,46268.0
2014-11-16 21:52:10,2014-12-19,2015-01-03,1896,21600.0,46268.0
2014-11-16 21:52:22,2014-12-19,2015-01-04,1826,23040.0,46268.0
2014-11-16 21:52:36,2014-12-19,2015-01-05,1686,24480.0,46267.0
2014-11-16 21:52:48,2014-12-19,2015-01-06,1548,25920.0,46267.0
2014-11-16 21:53:01,2014-12-19,2015-01-07,1682,27360.0,46267.0
2014-11-16 21:53:16,2014-12-19,2015-01-08,1611,28800.0,46267.0
2014-11-16 21:53:27,2014-12-19,2015-01-09,1551,30240.0,46267.0
2014-11-16 21:53:41,2014-12-19,2015-01-10,1611,31680.0,46266.0
2014-11-16 21:53:55,2014-12-19,2015-01-11,1628,33120.0,46266.0
2014-11-16 21:54:08,2014-12-19,2015-01-12,1289,34560.0,46266.0
2014-11-16 21:54:22,2014-12-19,2015-01-13,1289,36000.0,46266.0
2014-11-16 21:54:35,2014-12-19,2015-01-14,1289,37440.0,46265.0
2014-11-16 21:54:47,2014-12-19,2015-01-15,1383,38880.0,46265.0
2014-11-16 21:55:00,2014-12-19,2015-01-16,1383,40320.0,46265.0
2014-11-16 21:55:12,2014-12-19,2015-01-17,1383,41760.0,46265.0
2014-11-16 21:55:24,2014-12-19,2015-01-18,1289,43200.0,46265.0
2014-11-16 21:55:36,2014-12-19,2015-01-19,1289,44640.0,46264.0
2014-11-16 21:55:49,2014-12-19,2015-01-20,1289,46080.0,46264.0
2014-11-16 21:56:03,2014-12-19,2015-01-21,1289,47520.0,46264.0
2014-11-16 21:56:18,2014-12-19,2015-01-22,1289,48960.0,46264.0
2014-11-16 21:56:31,2014-12-19,2015-01-23,1383,50400.0,46263.0
2014-11-16 21:56:45,2014-12-19,2015-01-24,1327,51840.0,46263.0
2014-11-16 21:57:00,2014-12-19,2015-01-25,1289,53280.0,46263.0
2014-11-16 21:57:19,2014-12-19,2015-01-26,1289,54720.0,46263.0
2014-11-16 21:57:32,2014-12-19,2015-01-27,1289,56160.0,46262.0
2014-11-16 21:57:47,2014-12-19,2015-01-28,1383,57600.0,46262.0
2014-11-16 21:58:01,2014-12-19,2015-01-29,1327,59040.0,46262.0
2014-11-16 21:58:13,2014-12-19,2015-01-30,1383,60480.0,46262.0
2014-11-16 21:58:27,2014-12-19,2015-01-31,1289,61920.0,46262.0
2014-11-16 21:58:41,2014-12-20,2015-01-01,1686,17280.0,47701.0
2014-11-16 21:58:53,2014-12-20,2015-01-02,1764,18720.0,47701.0
2014-11-16 21:59:06,2014-12-20,2015-01-03,1896,20160.0,47701.0
2014-11-16 21:59:20,2014-12-20,2015-01-04,1826,21600.0,47701.0
2014-11-16 21:59:34,2014-12-20,2015-01-05,1686,23040.0,47700.0
2014-11-16 21:59:47,2014-12-20,2015-01-06,1670,24480.0,47700.0
2014-11-16 22:00:00,2014-12-20,2015-01-07,1682,25920.0,47700.0
2014-11-16 22:00:13,2014-12-20,2015-01-08,1563,27360.0,47700.0
2014-11-16 22:00:28,2014-12-20,2015-01-09,1551,28800.0,47700.0
2014-11-16 22:00:42,2014-12-20,2015-01-10,1611,30240.0,47699.0
2014-11-16 22:00:54,2014-12-20,2015-01-11,1611,31680.0,47699.0
2014-11-16 22:01:07,2014-12-20,2015-01-12,1289,33120.0,47699.0
2014-11-16 22:01:20,2014-12-20,2015-01-13,1289,34560.0,47699.0
2014-11-16 22:01:33,2014-12-20,2015-01-14,1289,36000.0,47698.0
2014-11-16 22:01:46,2014-12-20,2015-01-15,1383,37440.0,47698.0
2014-11-16 22:01:58,2014-12-20,2015-01-16,1383,38880.0,47698.0
2014-11-16 22:02:11,2014-12-20,2015-01-17,1383,40320.0,47698.0
2014-11-16 22:02:24,2014-12-20,2015-01-18,1289,41760.0,47698.0
2014-11-16 22:02:37,2014-12-20,2015-01-19,1289,43200.0,47697.0
2014-11-16 22:02:50,2014-12-20,2015-01-20,1289,44640.0,47697.0
2014-11-16 22:03:03,2014-12-20,2015-01-21,1289,46080.0,47697.0
2014-11-16 22:03:18,2014-12-20,2015-01-22,1289,47520.0,47697.0
2014-11-16 22:03:32,2014-12-20,2015-01-23,1383,48960.0,47696.0
2014-11-16 22:03:45,2014-12-20,2015-01-24,1327,50400.0,47696.0
2014-11-16 22:03:57,2014-12-20,2015-01-25,1289,51840.0,47696.0
2014-11-16 22:04:12,2014-12-20,2015-01-26,1336,53280.0,47696.0
2014-11-16 22:04:25,2014-12-20,2015-01-27,1289,54720.0,47696.0
2014-11-16 22:04:37,2014-12-20,2015-01-28,1353,56160.0,47695.0
2014-11-16 22:04:50,2014-12-20,2015-01-29,1327,57600.0,47695.0
2014-11-16 22:05:04,2014-12-20,2015-01-30,1381,59040.0,47695.0
2014-11-16 22:05:17,2014-12-20,2015-01-31,1289,60480.0,47695.0
2014-11-16 22:05:29,2014-12-21,2015-01-01,1480,15840.0,49135.0
2014-11-16 22:05:42,2014-12-21,2015-01-02,1605,17280.0,49134.0
2014-11-16 22:05:54,2014-12-21,2015-01-03,1480,18720.0,49134.0
2014-11-16 22:06:08,2014-12-21,2015-01-04,1605,20160.0,49134.0
2014-11-16 22:06:21,2014-12-21,2015-01-05,1480,21600.0,49134.0
2014-11-16 22:06:34,2014-12-21,2015-01-06,1480,23040.0,49133.0
2014-11-16 22:06:47,2014-12-21,2015-01-07,1450,24480.0,49133.0
2014-11-16 22:06:59,2014-12-21,2015-01-08,1421,25920.0,49133.0
2014-11-16 22:07:12,2014-12-21,2015-01-09,1420,27360.0,49133.0
2014-11-16 22:07:26,2014-12-21,2015-01-10,1437,28800.0,49133.0
2014-11-16 22:07:39,2014-12-21,2015-01-11,1345,30240.0,49132.0
2014-11-16 22:07:51,2014-12-21,2015-01-12,1163,31680.0,49132.0
2014-11-16 22:08:03,2014-12-21,2015-01-13,1163,33120.0,49132.0
2014-11-16 22:08:17,2014-12-21,2015-01-14,1163,34560.0,49132.0
2014-11-16 22:08:32,2014-12-21,2015-01-15,1214,36000.0,49131.0
2014-11-16 22:08:57,2014-12-21,2015-01-16,1301,37440.0,49131.0
2014-11-16 22:09:12,2014-12-21,2015-01-17,1256,38880.0,49131.0
2014-11-16 22:09:26,2014-12-21,2015-01-18,1163,40320.0,49131.0
2014-11-16 22:09:41,2014-12-21,2015-01-19,1163,41760.0,49130.0
2014-11-16 22:09:55,2014-12-21,2015-01-20,1163,43200.0,49130.0
2014-11-16 22:10:13,2014-12-21,2015-01-21,1146,44640.0,49130.0
2014-11-16 22:10:27,2014-12-21,2015-01-22,1163,46080.0,49130.0
2014-11-16 22:10:40,2014-12-21,2015-01-23,1167,47520.0,49129.0
2014-11-16 22:10:58,2014-12-21,2015-01-24,1189,48960.0,49129.0
2014-11-16 22:11:17,2014-12-21,2015-01-25,1146,50400.0,49129.0
2014-11-16 22:11:29,2014-12-21,2015-01-26,1163,51840.0,49129.0
2014-11-16 22:11:43,2014-12-21,2015-01-27,1163,53280.0,49128.0
2014-11-16 22:12:02,2014-12-21,2015-01-28,1241,54720.0,49128.0
2014-11-16 22:12:16,2014-12-21,2015-01-29,1189,56160.0,49128.0
2014-11-16 22:12:30,2014-12-21,2015-01-30,1167,57600.0,49128.0
2014-11-16 22:12:43,2014-12-21,2015-01-31,1163,59040.0,49127.0
2014-11-16 22:12:56,2014-12-22,2015-01-01,1383,14400.0,50567.0
2014-11-16 22:13:09,2014-12-22,2015-01-02,1525,15840.0,50567.0
2014-11-16 22:13:21,2014-12-22,2015-01-03,1693,17280.0,50567.0
2014-11-16 22:13:35,2014-12-22,2015-01-04,1525,18720.0,50566.0
2014-11-16 22:13:48,2014-12-22,2015-01-05,1400,20160.0,50566.0
2014-11-16 22:14:01,2014-12-22,2015-01-06,1400,21600.0,50566.0
2014-11-16 22:14:14,2014-12-22,2015-01-07,1370,23040.0,50566.0
2014-11-16 22:14:25,2014-12-22,2015-01-08,1323,24480.0,50566.0
2014-11-16 22:14:40,2014-12-22,2015-01-09,1400,25920.0,50565.0
2014-11-16 22:14:53,2014-12-22,2015-01-10,1370,27360.0,50565.0
2014-11-16 22:15:05,2014-12-22,2015-01-11,1265,28800.0,50565.0
2014-11-16 22:15:19,2014-12-22,2015-01-12,1133,30240.0,50565.0
2014-11-16 22:15:32,2014-12-22,2015-01-13,1078,31680.0,50564.0
2014-11-16 22:15:45,2014-12-22,2015-01-14,1077,33120.0,50564.0
2014-11-16 22:15:58,2014-12-22,2015-01-15,1077,34560.0,50564.0
2014-11-16 22:16:11,2014-12-22,2015-01-16,1233,36000.0,50564.0
2014-11-16 22:16:24,2014-12-22,2015-01-17,1098,37440.0,50564.0
2014-11-16 22:16:36,2014-12-22,2015-01-18,1091,38880.0,50563.0
2014-11-16 22:16:49,2014-12-22,2015-01-19,1084,40320.0,50563.0
2014-11-16 22:17:01,2014-12-22,2015-01-20,1077,41760.0,50563.0
2014-11-16 22:17:14,2014-12-22,2015-01-21,1077,43200.0,50563.0
2014-11-16 22:17:27,2014-12-22,2015-01-22,1077,44640.0,50563.0
2014-11-16 22:17:41,2014-12-22,2015-01-23,1091,46080.0,50562.0
2014-11-16 22:17:54,2014-12-22,2015-01-24,1091,47520.0,50562.0
2014-11-16 22:18:07,2014-12-22,2015-01-25,1091,48960.0,50562.0
2014-11-16 22:18:19,2014-12-22,2015-01-26,1077,50400.0,50562.0
2014-11-16 22:18:32,2014-12-22,2015-01-27,1077,51840.0,50561.0
2014-11-16 22:18:44,2014-12-22,2015-01-28,1077,53280.0,50561.0
2014-11-16 22:18:58,2014-12-22,2015-01-29,1077,54720.0,50561.0
2014-11-16 22:19:11,2014-12-22,2015-01-30,1091,56160.0,50561.0
2014-11-16 22:19:24,2014-12-22,2015-01-31,1091,57600.0,50561.0
2014-11-16 22:19:37,2014-12-23,2015-01-01,1076,12960.0,52000.0
2014-11-16 22:19:50,2014-12-23,2015-01-02,1495,14400.0,52000.0
2014-11-16 22:20:02,2014-12-23,2015-01-03,1616,15840.0,52000.0
2014-11-16 22:20:15,2014-12-23,2015-01-04,1495,17280.0,52000.0
2014-11-16 22:20:27,2014-12-23,2015-01-05,1370,18720.0,52000.0
2014-11-16 22:20:39,2014-12-23,2015-01-06,1370,20160.0,51999.0
2014-11-16 22:20:53,2014-12-23,2015-01-07,1340,21600.0,51999.0
2014-11-16 22:21:05,2014-12-23,2015-01-08,k,23040.0,51999.0
2014-11-16 22:21:19,2014-12-23,2015-01-09,1341,24480.0,51999.0
2014-11-16 22:21:31,2014-12-23,2015-01-10,1131,25920.0,51998.0
2014-11-16 22:21:52,2014-12-23,2015-01-11,1235,27360.0,51998.0
2014-11-16 22:22:05,2014-12-23,2015-01-12,1083,28800.0,51998.0
2014-11-16 22:22:18,2014-12-23,2015-01-13,1055,30240.0,51998.0
2014-11-16 22:22:30,2014-12-23,2015-01-14,1076,31680.0,51998.0
2014-11-16 22:22:42,2014-12-23,2015-01-15,1055,33120.0,51997.0
2014-11-16 22:22:56,2014-12-23,2015-01-16,1173,34560.0,51997.0
2014-11-16 22:23:09,2014-12-23,2015-01-17,1055,36000.0,51997.0
2014-11-16 22:23:22,2014-12-23,2015-01-18,1087,37440.0,51997.0
2014-11-16 22:23:34,2014-12-23,2015-01-19,1076,38880.0,51996.0
2014-11-16 22:23:47,2014-12-23,2015-01-20,1075,40320.0,51996.0
2014-11-16 22:24:00,2014-12-23,2015-01-21,1075,41760.0,51996.0
2014-11-16 22:24:21,2014-12-23,2015-01-22,1076,43200.0,51996.0
2014-11-16 22:24:34,2014-12-23,2015-01-23,1055,44640.0,51995.0
2014-11-16 22:24:47,2014-12-23,2015-01-24,1090,46080.0,51995.0
2014-11-16 22:25:07,2014-12-23,2015-01-25,1055,47520.0,51995.0
2014-11-16 22:25:26,2014-12-23,2015-01-26,1066,48960.0,51995.0
2014-11-16 22:25:44,2014-12-23,2015-01-27,1066,50400.0,51994.0
2014-11-16 22:26:02,2014-12-23,2015-01-28,1050,51840.0,51994.0
2014-11-16 22:26:21,2014-12-23,2015-01-29,1076,53280.0,51994.0
2014-11-16 22:26:36,2014-12-23,2015-01-30,1090,54720.0,51993.0
2014-11-16 22:26:52,2014-12-23,2015-01-31,1083,56160.0,51993.0
2014-11-16 22:27:09,2014-12-24,2015-01-01,1076,11520.0,53433.0
2014-11-16 22:27:24,2014-12-24,2015-01-02,1445,12960.0,53433.0
2014-11-16 22:27:37,2014-12-24,2015-01-03,1514,14400.0,53432.0
2014-11-16 22:27:51,2014-12-24,2015-01-04,1445,15840.0,53432.0
2014-11-16 22:28:04,2014-12-24,2015-01-05,1320,17280.0,53432.0
2014-11-16 22:28:18,2014-12-24,2015-01-06,1320,18720.0,53432.0
2014-11-16 22:28:29,2014-12-24,2015-01-07,1290,20160.0,53432.0
2014-11-16 22:28:42,2014-12-24,2015-01-08,1082,21600.0,53431.0
2014-11-16 22:28:56,2014-12-24,2015-01-09,1256,23040.0,53431.0
2014-11-16 22:29:16,2014-12-24,2015-01-10,1246,24480.0,53431.0
2014-11-16 22:29:30,2014-12-24,2015-01-11,1185,25920.0,53431.0
2014-11-16 22:29:50,2014-12-24,2015-01-12,999,27360.0,53430.0
2014-11-16 22:30:02,2014-12-24,2015-01-13,999,28800.0,53430.0
2014-11-16 22:30:15,2014-12-24,2015-01-14,984,30240.0,53430.0
2014-11-16 22:30:28,2014-12-24,2015-01-15,1076,31680.0,53430.0
2014-11-16 22:30:41,2014-12-24,2015-01-16,1092,33120.0,53429.0
2014-11-16 22:30:55,2014-12-24,2015-01-17,1092,34560.0,53429.0
2014-11-16 22:31:08,2014-12-24,2015-01-18,980,36000.0,53429.0
2014-11-16 22:31:22,2014-12-24,2015-01-19,1026,37440.0,53429.0
2014-11-16 22:31:33,2014-12-24,2015-01-20,979,38880.0,53428.0
2014-11-16 22:31:47,2014-12-24,2015-01-21,999,40320.0,53428.0
2014-11-16 22:32:00,2014-12-24,2015-01-22,999,41760.0,53428.0
2014-11-16 22:32:13,2014-12-24,2015-01-23,979,43200.0,53428.0
2014-11-16 22:32:26,2014-12-24,2015-01-24,1029,44640.0,53428.0
2014-11-16 22:32:39,2014-12-24,2015-01-25,980,46080.0,53427.0
2014-11-16 22:32:53,2014-12-24,2015-01-26,999,47520.0,53427.0
2014-11-16 22:33:05,2014-12-24,2015-01-27,980,48960.0,53427.0
2014-11-16 22:33:18,2014-12-24,2015-01-28,1075,50400.0,53427.0
2014-11-16 22:33:32,2014-12-24,2015-01-29,1021,51840.0,53426.0
2014-11-16 22:33:46,2014-12-24,2015-01-30,979,53280.0,53426.0
2014-11-16 22:33:59,2014-12-24,2015-01-31,999,54720.0,53426.0
2014-11-16 22:34:13,2014-12-25,2015-01-01,1076,10080.0,54866.0
2014-11-16 22:34:26,2014-12-25,2015-01-02,1426,11520.0,54866.0
2014-11-16 22:34:39,2014-12-25,2015-01-03,1426,12960.0,54865.0
2014-11-16 22:34:53,2014-12-25,2015-01-04,1516,14400.0,54865.0
2014-11-16 22:35:06,2014-12-25,2015-01-05,1383,15840.0,54865.0
2014-11-16 22:35:19,2014-12-25,2015-01-06,1383,17280.0,54865.0
2014-11-16 22:35:31,2014-12-25,2015-01-07,1370,18720.0,54864.0
2014-11-16 22:35:45,2014-12-25,2015-01-08,1068,20160.0,54864.0
2014-11-16 22:35:59,2014-12-25,2015-01-09,1256,21600.0,54864.0
2014-11-16 22:36:13,2014-12-25,2015-01-10,1100,23040.0,54864.0
2014-11-16 22:36:27,2014-12-25,2015-01-11,1256,24480.0,54864.0
2014-11-16 22:36:44,2014-12-25,2015-01-12,984,25920.0,54863.0
2014-11-16 22:36:58,2014-12-25,2015-01-13,991,27360.0,54863.0
2014-11-16 22:37:11,2014-12-25,2015-01-14,999,28800.0,54863.0
2014-11-16 22:37:25,2014-12-25,2015-01-15,991,30240.0,54863.0
2014-11-16 22:37:38,2014-12-25,2015-01-16,991,31680.0,54862.0
2014-11-16 22:37:51,2014-12-25,2015-01-17,991,33120.0,54862.0
2014-11-16 22:38:05,2014-12-25,2015-01-18,955,34560.0,54862.0
2014-11-16 22:38:18,2014-12-25,2015-01-19,999,36000.0,54862.0
2014-11-16 22:38:31,2014-12-25,2015-01-20,955,37440.0,54861.0
2014-11-16 22:38:44,2014-12-25,2015-01-21,999,38880.0,54861.0
2014-11-16 22:38:57,2014-12-25,2015-01-22,991,40320.0,54861.0
2014-11-16 22:39:10,2014-12-25,2015-01-23,991,41760.0,54861.0
2014-11-16 22:39:23,2014-12-25,2015-01-24,991,43200.0,54861.0
2014-11-16 22:39:34,2014-12-25,2015-01-25,955,44640.0,54860.0
2014-11-16 22:39:48,2014-12-25,2015-01-26,999,46080.0,54860.0
2014-11-16 22:40:05,2014-12-25,2015-01-27,984,47520.0,54860.0
2014-11-16 22:40:18,2014-12-25,2015-01-28,1075,48960.0,54860.0
2014-11-16 22:40:29,2014-12-25,2015-01-29,1002,50400.0,54860.0
2014-11-16 22:40:43,2014-12-25,2015-01-30,955,51840.0,54859.0
2014-11-16 22:40:56,2014-12-25,2015-01-31,999,53280.0,54859.0
2014-11-16 22:41:12,2014-12-26,2015-01-01,1126,8640.0,56299.0
2014-11-16 22:41:24,2014-12-26,2015-01-02,1470,10080.0,56299.0
2014-11-16 22:41:38,2014-12-26,2015-01-03,1442,11520.0,56298.0
2014-11-16 22:41:51,2014-12-26,2015-01-04,1470,12960.0,56298.0
2014-11-16 22:42:04,2014-12-26,2015-01-05,1345,14400.0,56298.0
2014-11-16 22:42:18,2014-12-26,2015-01-06,1330,15840.0,56298.0
2014-11-16 22:42:31,2014-12-26,2015-01-07,1315,17280.0,56297.0
2014-11-16 22:42:49,2014-12-26,2015-01-08,1020,18720.0,56297.0
2014-11-16 22:43:03,2014-12-26,2015-01-09,1326,20160.0,56297.0
2014-11-16 22:43:15,2014-12-26,2015-01-10,1041,21600.0,56297.0
2014-11-16 22:43:27,2014-12-26,2015-01-11,1216,23040.0,56297.0
2014-11-16 22:43:39,2014-12-26,2015-01-12,1083,24480.0,56296.0
2014-11-16 22:43:54,2014-12-26,2015-01-13,1035,25920.0,56296.0
2014-11-16 22:44:06,2014-12-26,2015-01-14,1083,27360.0,56296.0
2014-11-16 22:44:20,2014-12-26,2015-01-15,1035,28800.0,56296.0
2014-11-16 22:44:32,2014-12-26,2015-01-16,980,30240.0,56295.0
2014-11-16 22:44:44,2014-12-26,2015-01-17,1041,31680.0,56295.0
2014-11-16 22:44:56,2014-12-26,2015-01-18,1002,33120.0,56295.0
2014-11-16 22:45:09,2014-12-26,2015-01-19,1083,34560.0,56295.0
2014-11-16 22:45:23,2014-12-26,2015-01-20,1002,36000.0,56295.0
2014-11-16 22:45:36,2014-12-26,2015-01-21,1083,37440.0,56294.0
2014-11-16 22:45:49,2014-12-26,2015-01-22,1035,38880.0,56294.0
2014-11-16 22:46:03,2014-12-26,2015-01-23,1035,40320.0,56294.0
2014-11-16 22:46:19,2014-12-26,2015-01-24,1041,41760.0,56294.0
2014-11-16 22:46:35,2014-12-26,2015-01-25,1002,43200.0,56293.0
2014-11-16 22:46:51,2014-12-26,2015-01-26,1083,44640.0,56293.0
2014-11-16 22:47:04,2014-12-26,2015-01-27,1041,46080.0,56293.0
2014-11-16 22:47:18,2014-12-26,2015-01-28,1177,47520.0,56293.0
2014-11-16 22:47:31,2014-12-26,2015-01-29,1082,48960.0,56292.0
2014-11-16 22:47:43,2014-12-26,2015-01-30,1035,50400.0,56292.0
2014-11-16 22:47:56,2014-12-26,2015-01-31,1035,51840.0,56292.0
2014-11-16 22:48:11,2014-12-27,2015-01-01,1090,7200.0,57732.0
2014-11-16 22:48:23,2014-12-27,2015-01-02,1470,8640.0,57732.0
2014-11-16 22:48:36,2014-12-27,2015-01-03,1559,10080.0,57731.0
2014-11-16 22:48:49,2014-12-27,2015-01-04,1470,11520.0,57731.0
2014-11-16 22:49:03,2014-12-27,2015-01-05,1345,12960.0,57731.0
2014-11-16 22:49:16,2014-12-27,2015-01-06,1345,14400.0,57731.0
2014-11-16 22:49:29,2014-12-27,2015-01-07,1315,15840.0,57731.0
2014-11-16 22:49:41,2014-12-27,2015-01-08,1261,17280.0,57730.0
2014-11-16 22:49:53,2014-12-27,2015-01-09,1341,18720.0,57730.0
2014-11-16 22:50:11,2014-12-27,2015-01-10,1315,20160.0,57730.0
2014-11-16 22:50:24,2014-12-27,2015-01-11,1210,21600.0,57730.0
2014-11-16 22:50:38,2014-12-27,2015-01-12,1083,23040.0,57729.0
2014-11-16 22:50:51,2014-12-27,2015-01-13,1083,24480.0,57729.0
2014-11-16 22:51:04,2014-12-27,2015-01-14,1083,25920.0,57729.0
2014-11-16 22:51:17,2014-12-27,2015-01-15,1090,27360.0,57729.0
2014-11-16 22:51:32,2014-12-27,2015-01-16,1177,28800.0,57728.0
2014-11-16 22:51:45,2014-12-27,2015-01-17,1110,30240.0,57728.0
2014-11-16 22:51:58,2014-12-27,2015-01-18,1083,31680.0,57728.0
2014-11-16 22:52:13,2014-12-27,2015-01-19,1067,33120.0,57728.0
2014-11-16 22:52:26,2014-12-27,2015-01-20,1083,34560.0,57728.0
2014-11-16 22:52:39,2014-12-27,2015-01-21,1083,36000.0,57727.0
2014-11-16 22:52:52,2014-12-27,2015-01-22,1083,37440.0,57727.0
2014-11-16 22:53:05,2014-12-27,2015-01-23,1104,38880.0,57727.0
2014-11-16 22:53:18,2014-12-27,2015-01-24,1104,40320.0,57727.0
2014-11-16 22:53:35,2014-12-27,2015-01-25,1067,41760.0,57726.0
2014-11-16 22:53:47,2014-12-27,2015-01-26,1083,43200.0,57726.0
2014-11-16 22:54:02,2014-12-27,2015-01-27,1083,44640.0,57726.0
2014-11-16 22:54:15,2014-12-27,2015-01-28,1090,46080.0,57726.0
2014-11-16 22:54:27,2014-12-27,2015-01-29,1090,47520.0,57726.0
2014-11-16 22:54:41,2014-12-27,2015-01-30,1104,48960.0,57725.0
2014-11-16 22:54:53,2014-12-27,2015-01-31,1083,50400.0,57725.0
2014-11-16 22:55:06,2014-12-28,2015-01-01,1076,5760.0,59165.0
2014-11-16 22:55:18,2014-12-28,2015-01-02,1426,7200.0,59165.0
2014-11-16 22:55:32,2014-12-28,2015-01-03,1082,8640.0,59164.0
2014-11-16 22:55:45,2014-12-28,2015-01-04,1445,10080.0,59164.0
2014-11-16 22:56:05,2014-12-28,2015-01-05,1320,11520.0,59164.0
2014-11-16 22:56:17,2014-12-28,2015-01-06,1320,12960.0,59164.0
2014-11-16 22:56:30,2014-12-28,2015-01-07,1290,14400.0,59164.0
2014-11-16 22:56:42,2014-12-28,2015-01-08,1035,15840.0,59163.0
2014-11-16 22:56:54,2014-12-28,2015-01-09,1256,17280.0,59163.0
2014-11-16 22:57:07,2014-12-28,2015-01-10,991,18720.0,59163.0
2014-11-16 22:57:20,2014-12-28,2015-01-11,1185,20160.0,59163.0
2014-11-16 22:57:32,2014-12-28,2015-01-12,999,21600.0,59162.0
2014-11-16 22:57:46,2014-12-28,2015-01-13,991,23040.0,59162.0
2014-11-16 22:58:10,2014-12-28,2015-01-14,984,24480.0,59162.0
2014-11-16 22:58:23,2014-12-28,2015-01-15,991,25920.0,59162.0
2014-11-16 22:58:36,2014-12-28,2015-01-16,991,27360.0,59161.0
2014-11-16 22:58:50,2014-12-28,2015-01-17,991,28800.0,59161.0
2014-11-16 22:59:02,2014-12-28,2015-01-18,991,30240.0,59161.0
2014-11-16 22:59:15,2014-12-28,2015-01-19,999,31680.0,59161.0
2014-11-16 22:59:29,2014-12-28,2015-01-20,991,33120.0,59161.0
2014-11-16 22:59:42,2014-12-28,2015-01-21,999,34560.0,59160.0
2014-11-16 22:59:54,2014-12-28,2015-01-22,991,36000.0,59160.0
2014-11-16 23:00:07,2014-12-28,2015-01-23,991,37440.0,59160.0
2014-11-16 23:00:20,2014-12-28,2015-01-24,991,38880.0,59160.0
2014-11-16 23:00:33,2014-12-28,2015-01-25,955,40320.0,59159.0
2014-11-16 23:00:47,2014-12-28,2015-01-26,999,41760.0,59159.0
2014-11-16 23:01:00,2014-12-28,2015-01-27,991,43200.0,59159.0
2014-11-16 23:01:14,2014-12-28,2015-01-28,1092,44640.0,59159.0
2014-11-16 23:01:27,2014-12-28,2015-01-29,991,46080.0,59159.0
2014-11-16 23:01:40,2014-12-28,2015-01-30,991,47520.0,59158.0
2014-11-16 23:01:53,2014-12-28,2015-01-31,991,48960.0,59158.0
2014-11-16 23:02:06,2014-12-29,2015-01-01,1197,4320.0,60598.0
2014-11-16 23:02:19,2014-12-29,2015-01-02,1478,5760.0,60598.0
2014-11-16 23:02:32,2014-12-29,2015-01-03,1476,7200.0,60597.0
2014-11-16 23:02:46,2014-12-29,2015-01-04,1561,8640.0,60597.0
2014-11-16 23:02:59,2014-12-29,2015-01-05,1351,10080.0,60597.0
2014-11-16 23:03:20,2014-12-29,2015-01-06,1390,11520.0,60597.0
2014-11-16 23:03:33,2014-12-29,2015-01-07,1215,12960.0,60596.0
2014-11-16 23:03:46,2014-12-29,2015-01-08,1215,14400.0,60596.0
2014-11-16 23:04:00,2014-12-29,2015-01-09,1341,15840.0,60596.0
2014-11-16 23:04:12,2014-12-29,2015-01-10,1243,17280.0,60596.0
2014-11-16 23:04:25,2014-12-29,2015-01-11,1190,18720.0,60596.0
2014-11-16 23:04:38,2014-12-29,2015-01-12,1083,20160.0,60595.0
2014-11-16 23:04:52,2014-12-29,2015-01-13,1083,21600.0,60595.0
2014-11-16 23:05:05,2014-12-29,2015-01-14,1083,23040.0,60595.0
2014-11-16 23:05:17,2014-12-29,2015-01-15,1171,24480.0,60595.0
2014-11-16 23:05:31,2014-12-29,2015-01-16,1168,25920.0,60594.0
2014-11-16 23:05:44,2014-12-29,2015-01-17,1149,27360.0,60594.0
2014-11-16 23:05:56,2014-12-29,2015-01-18,1083,28800.0,60594.0
2014-11-16 23:06:09,2014-12-29,2015-01-19,1083,30240.0,60594.0
2014-11-16 23:06:21,2014-12-29,2015-01-20,1083,31680.0,60594.0
2014-11-16 23:06:34,2014-12-29,2015-01-21,1067,33120.0,60593.0
2014-11-16 23:06:48,2014-12-29,2015-01-22,1083,34560.0,60593.0
2014-11-16 23:08:14,2014-12-29,2015-01-24,1104,37440.0,60592.0
2014-11-16 23:08:25,2014-12-29,2015-01-25,1083,38880.0,60592.0
2014-11-16 23:08:38,2014-12-29,2015-01-26,1083,40320.0,60591.0
2014-11-16 23:08:50,2014-12-29,2015-01-27,1083,41760.0,60591.0
2014-11-16 23:09:02,2014-12-29,2015-01-28,1119,43200.0,60591.0
2014-11-16 23:09:15,2014-12-29,2015-01-29,1121,44640.0,60591.0
2014-11-16 23:09:28,2014-12-29,2015-01-30,1119,46080.0,60591.0
2014-11-16 23:09:41,2014-12-29,2015-01-31,1083,47520.0,60590.0
2014-11-16 23:09:55,2014-12-30,2015-01-01,991,2880.0,62030.0
2014-11-16 23:10:08,2014-12-30,2015-01-02,1341,4320.0,62030.0
2014-11-16 23:10:20,2014-12-30,2015-01-03,1195,5760.0,62030.0
2014-11-16 23:10:31,2014-12-30,2015-01-04,1420,7200.0,62029.0
2014-11-16 23:10:44,2014-12-30,2015-01-05,1269,8640.0,62029.0
2014-11-16 23:10:57,2014-12-30,2015-01-06,1227,10080.0,62029.0
2014-11-16 23:11:10,2014-12-30,2015-01-07,1197,11520.0,62029.0
2014-11-16 23:11:23,2014-12-30,2015-01-08,991,12960.0,62029.0
2014-11-16 23:11:35,2014-12-30,2015-01-09,1163,14400.0,62028.0
2014-11-16 23:11:48,2014-12-30,2015-01-10,906,15840.0,62028.0
2014-11-16 23:12:00,2014-12-30,2015-01-11,1147,17280.0,62028.0
2014-11-16 23:12:12,2014-12-30,2015-01-12,905,18720.0,62028.0
2014-11-16 23:12:25,2014-12-30,2015-01-13,905,20160.0,62028.0
2014-11-16 23:12:36,2014-12-30,2015-01-14,905,21600.0,62027.0
2014-11-16 23:12:49,2014-12-30,2015-01-15,906,23040.0,62027.0
2014-11-16 23:13:02,2014-12-30,2015-01-16,999,24480.0,62027.0
2014-11-16 23:13:15,2014-12-30,2015-01-17,906,25920.0,62027.0
2014-11-16 23:13:27,2014-12-30,2015-01-18,905,27360.0,62027.0
2014-11-16 23:13:40,2014-12-30,2015-01-19,935,28800.0,62026.0
2014-11-16 23:13:54,2014-12-30,2015-01-20,905,30240.0,62026.0
2014-11-16 23:14:05,2014-12-30,2015-01-21,905,31680.0,62026.0
2014-11-16 23:14:17,2014-12-30,2015-01-22,905,33120.0,62026.0
2014-11-16 23:14:30,2014-12-30,2015-01-23,906,34560.0,62026.0
2014-11-16 23:14:42,2014-12-30,2015-01-24,906,36000.0,62025.0
2014-11-16 23:14:55,2014-12-30,2015-01-25,905,37440.0,62025.0
2014-11-16 23:15:10,2014-12-30,2015-01-26,905,38880.0,62025.0
2014-11-16 23:15:22,2014-12-30,2015-01-27,905,40320.0,62025.0
2014-11-16 23:15:36,2014-12-30,2015-01-28,999,41760.0,62024.0
2014-11-16 23:15:50,2014-12-30,2015-01-29,906,43200.0,62024.0
2014-11-16 23:16:06,2014-12-30,2015-01-30,906,44640.0,62024.0
2014-11-16 23:16:18,2014-12-30,2015-01-31,905,46080.0,62024.0
2014-11-16 23:16:29,2014-12-31,2015-01-01,1468,1440.0,63464.0
2014-11-16 23:16:42,2014-12-31,2015-01-02,1426,2880.0,63463.0
2014-11-16 23:16:55,2014-12-31,2015-01-03,1060,4320.0,63463.0
2014-11-16 23:17:06,2014-12-31,2015-01-04,1460,5760.0,63463.0
2014-11-16 23:17:18,2014-12-31,2015-01-05,1326,7200.0,63463.0
2014-11-16 23:17:33,2014-12-31,2015-01-06,1304,8640.0,63462.0
2014-11-16 23:17:45,2014-12-31,2015-01-07,1215,10080.0,63462.0
2014-11-16 23:17:57,2014-12-31,2015-01-08,1010,11520.0,63462.0
2014-11-16 23:18:10,2014-12-31,2015-01-09,1295,12960.0,63462.0
2014-11-16 23:18:24,2014-12-31,2015-01-10,991,14400.0,63462.0
2014-11-16 23:18:36,2014-12-31,2015-01-11,1166,15840.0,63461.0
2014-11-16 23:18:49,2014-12-31,2015-01-12,1151,17280.0,63461.0
2014-11-16 23:19:03,2014-12-31,2015-01-13,991,18720.0,63461.0
2014-11-16 23:19:17,2014-12-31,2015-01-14,1121,20160.0,63461.0
2014-11-16 23:19:31,2014-12-31,2015-01-15,991,21600.0,63460.0
2014-11-16 23:19:44,2014-12-31,2015-01-16,1010,23040.0,63460.0
2014-11-16 23:19:56,2014-12-31,2015-01-17,991,24480.0,63460.0
2014-11-16 23:20:07,2014-12-31,2015-01-18,991,25920.0,63460.0
2014-11-16 23:20:20,2014-12-31,2015-01-19,1128,27360.0,63460.0
2014-11-16 23:20:33,2014-12-31,2015-01-20,925,28800.0,63459.0
2014-11-16 23:20:48,2014-12-31,2015-01-21,1073,30240.0,63459.0
2014-11-16 23:21:09,2014-12-31,2015-01-22,979,31680.0,63459.0
2014-11-16 23:21:28,2014-12-31,2015-01-23,942,33120.0,63459.0
2014-11-16 23:21:40,2014-12-31,2015-01-24,991,34560.0,63458.0
2014-11-16 23:21:53,2014-12-31,2015-01-25,925,36000.0,63458.0
2014-11-16 23:22:06,2014-12-31,2015-01-26,1121,37440.0,63458.0
2014-11-16 23:22:19,2014-12-31,2015-01-27,991,38880.0,63458.0
2014-11-16 23:22:32,2014-12-31,2015-01-28,1086,40320.0,63457.0
2014-11-16 23:22:43,2014-12-31,2015-01-29,991,41760.0,63457.0
2014-11-16 23:22:56,2014-12-31,2015-01-30,991,43200.0,63457.0
2014-11-16 23:23:08,2014-12-31,2015-01-31,991,44640.0,63457.0
